WKT,region,description
POLYGON ((139.6940877 35.6662283, 139.697521 35.6670651, 139.7001817 35.6684597
POLYGON ((139.705589 35.6885392, 139.7042158 35.6867964, 139.7044732 35.6851233
POLYGON ((139.7206952 35.6780818, 139.7224119 35.6747351, 139.7244718 35.67348
POLYGON ((139.746187 35.6877724, 139.7455003 35.6835198, 139.7468736 35.6812889
POLYGON ((139.72281230113109 35.679746869532465, 139.71950777652526 35.680130325247084, 139.7202373468928 35.68779905255769